{"rotation": [[-0.032055018882740136, -0.9974518923884874, 0.020551248965447914], [-0.2240930139414797, 0.002986041494130043, -0.8756800120708629], [0.9737455440255373, -0.041678350017788, -0.2023375046787095]], "translation": [[-2.190444561668236], [5.6360862566491905], [1.4163664770754851]]}